story_id,role,platform,feature_area,feature,code_basis,expected_story,acceptance_criteria,validation_method,production_equivalent_check,status,first_test_result,documented_errors,fix_status,retest_result,android_device_result,iphone_device_result,notes,last_updated
US-001,ユーザー,Android/iOS,URL保存,手動貼り付け保存,UrlRules.kt; URLRules.swift; DefaultUrlRepository.kt; URLRepository.swift; MainListViewModel.kt; URLSaverAppModel.swift,ユーザーとして、URLを手動入力して保存し、一覧に戻ったとき保存済みリンクを確認できる。,https URLはnormalizedUrlで保存され、metadata PENDINGになり、重複時は既存扱いになる。,Android unit: UrlRulesTest/RepositoryBehaviorTest/MainListViewModelTest; iOS: URLRulesTests/URLRepositoryTests; 実機: 入力欄から保存,release buildで同じ保存契約が残ること,LOCAL_PASS_WITH_IPHONE_DEVICE_GAP: Android/iOS compile系成功、iPhone UI操作未検証,PASS: ./gradlew assembleDebug testDebugUnitTest lintDebug assembleRelease 成功。connectedDebugAndroidTestは実機データ保護のため未実行。 / PARTIAL: iOS Release generic build と build-for-testing 成功。XCTest実行はCoreSimulator不整合で未実施。,iOS XCTest/UI操作: CoreSimulator不整合またはAppium RemoteXPC tunnel未起動により未完了。,修正対象なし: 環境/外部接続ブロックまたは未検証。コードのロジスティカル/UXエラーは今回の検証では未検出。,再テスト未実施: 修正なし。ブロック解除後に再実行。,未実機操作: 代表導線のみ確認。データ作成/削除を伴う操作は未実施。,NOT VERIFIED on physical iPhone: Appium/WDA UI取得不可。Bundle ID確認とlaunchのみ。,,2026-06-27 15:51:33 +0900
US-002,ユーザー,Android/iOS,共有保存,単一URL共有保存,AndroidManifest.xml; ShareReceiverActivity.kt; ShareReceiverEntrypointRouter.kt; ShareHandoffStore.swift; URLSaverAppModel.swift,ユーザーとして、他アプリの共有からURLをURL Saverへ送り、保存結果を通知で理解できる。,ACTION_SEND/Share Extension相当から1件保存し、created/duplicate/invalid/no URLを明示する。,Android unit: ShareReceiverActivityTest/EntrypointTest; iOS: URLRepositoryTests + handoff source確認; 実機: share intent/共有シート,debug/releaseで受信IDと正準アプリIDが一致すること,LOCAL_PASS_WITH_IPHONE_DEVICE_GAP: Android/iOS compile系成功、iPhone UI操作未検証,PASS: ./gradlew assembleDebug testDebugUnitTest lintDebug assembleRelease 成功。connectedDebugAndroidTestは実機データ保護のため未実行。 / PARTIAL: iOS Release generic build と build-for-testing 成功。XCTest実行はCoreSimulator不整合で未実施。,iOS XCTest/UI操作: CoreSimulator不整合またはAppium RemoteXPC tunnel未起動により未完了。,修正対象なし: 環境/外部接続ブロックまたは未検証。コードのロジスティカル/UXエラーは今回の検証では未検出。,再テスト未実施: 修正なし。ブロック解除後に再実行。,未実機操作: 代表導線のみ確認。データ作成/削除を伴う操作は未実施。,NOT VERIFIED on physical iPhone: Appium/WDA UI取得不可。Bundle ID確認とlaunchのみ。,,2026-06-27 15:51:33 +0900
US-003,ユーザー,Android/iOS,共有保存,複数URL共有保存,ShareReceiverActivity.kt; UrlRules.kt; URLRules.swift,ユーザーとして、複数URLを共有したとき、可能な範囲で順次保存され件数サマリを確認できる。,最大50件、created/duplicate/restored/failedの集計が通知される。,Android unit: ShareReceiverActivityTest; iOS: URLRulesTests extractAll; 実機: 非破壊範囲で複数テキスト共有,上限/切り詰め文言がreleaseでも残ること,LOCAL_PASS_WITH_IPHONE_DEVICE_GAP: Android/iOS compile系成功、iPhone UI操作未検証,PASS: ./gradlew assembleDebug testDebugUnitTest lintDebug assembleRelease 成功。connectedDebugAndroidTestは実機データ保護のため未実行。 / PARTIAL: iOS Release generic build と build-for-testing 成功。XCTest実行はCoreSimulator不整合で未実施。,iOS XCTest/UI操作: CoreSimulator不整合またはAppium RemoteXPC tunnel未起動により未完了。,修正対象なし: 環境/外部接続ブロックまたは未検証。コードのロジスティカル/UXエラーは今回の検証では未検出。,再テスト未実施: 修正なし。ブロック解除後に再実行。,未実機操作: 代表導線のみ確認。データ作成/削除を伴う操作は未実施。,NOT VERIFIED on physical iPhone: Appium/WDA UI取得不可。Bundle ID確認とlaunchのみ。,,2026-06-27 15:51:33 +0900
US-004,ユーザー,Android/iOS,URLルール,URL正規化と重複判定,UrlRules.kt; URLRules.swift; AppDatabase.kt; SQLiteDatabase.swift,ユーザーとして、同じURLの表記違いを重複として扱ってもらえる。,normalizedUrlが主キー、openUrl=normalizedUrl、表示用URLは別扱い。,Android: UrlRulesTest/UrlNormalizationVectorTest/MigrationDedupTest; iOS: URLRulesTests,DB schemaのunique制約がreleaseにもあること,LOCAL_PASS_WITH_IPHONE_DEVICE_GAP: Android/iOS compile系成功、iPhone UI操作未検証,PASS: ./gradlew assembleDebug testDebugUnitTest lintDebug assembleRelease 成功。connectedDebugAndroidTestは実機データ保護のため未実行。 / PARTIAL: iOS Release generic build と build-for-testing 成功。XCTest実行はCoreSimulator不整合で未実施。,iOS XCTest/UI操作: CoreSimulator不整合またはAppium RemoteXPC tunnel未起動により未完了。,修正対象なし: 環境/外部接続ブロックまたは未検証。コードのロジスティカル/UXエラーは今回の検証では未検出。,再テスト未実施: 修正なし。ブロック解除後に再実行。,未実機操作: 代表導線のみ確認。データ作成/削除を伴う操作は未実施。,NOT VERIFIED on physical iPhone: Appium/WDA UI取得不可。Bundle ID確認とlaunchのみ。,,2026-06-27 15:51:33 +0900
US-005,ユーザー,Android/iOS,一覧,Active一覧表示とフィルター,UrlSaverRoot.kt; MainListViewModel.kt; ListFilterState.kt; RootView.swift; URLSaverAppModel.swift,ユーザーとして、保存済みURLを新しい順に見て、サービス/コレクションで絞り込める。,activeのみ表示、サービス選択とコレクション選択は競合しない。,Android: MainListViewModelTest/ListFilterStateTest; iOS: ServiceFilterTests; 実機: ホーム表示,release buildで正準IDのホームが表示されること,LOCAL_PASS_WITH_IPHONE_DEVICE_GAP: Android/iOS compile系成功、iPhone UI操作未検証,PASS: ./gradlew assembleDebug testDebugUnitTest lintDebug assembleRelease 成功。connectedDebugAndroidTestは実機データ保護のため未実行。 / PARTIAL: iOS Release generic build と build-for-testing 成功。XCTest実行はCoreSimulator不整合で未実施。,iOS XCTest/UI操作: CoreSimulator不整合またはAppium RemoteXPC tunnel未起動により未完了。,修正対象なし: 環境/外部接続ブロックまたは未検証。コードのロジスティカル/UXエラーは今回の検証では未検出。,再テスト未実施: 修正なし。ブロック解除後に再実行。,PASS(Android physical Pixel 9a 55211JEBF16639): jp.miyamibu.urlalbum 起動、ホーム、下部5アクション、使い方リスト、戻る復帰をXML/PNGで確認。,NOT VERIFIED on physical iPhone: Appium/WDA UI取得不可。Bundle ID確認とlaunchのみ。,,2026-06-27 15:51:33 +0900
US-006,ユーザー,Android/iOS,一覧,カード表示モード切替,EntryCardDisplayMode.kt; EntryCard.kt; MainListViewModel.kt; ArchiveViewModel.kt; EntryCardDisplayModeStore.kt; RootView.swift; AppChrome.swift,ユーザーとして、リンクカードの情報量を切り替えて再発見しやすくできる。,表示モードが保存され、Main/Archive/Tag detailで反映される。AndroidはDataStore、iOSは@AppStorageで再起動後も保持する。,Android: MainListViewModelTest/ArchiveViewModelTest/EntryCardMetadataTextTest; iOS: 該当UI source確認,release buildで設定保存が有効,LOCAL_PASS_WITH_DEVICE_GAP,PASS: ./gradlew testDebugUnitTest --tests MainListViewModelTest.toggleEntryCardDisplayMode_updatesStore --tests ArchiveViewModelTest 成功。PASS: iOS generic simulator build成功。iOS RootView/AppChromeを@AppStorage保存へ修正。,物理Android/iPhoneでの表示モード切替と再起動後保持は未検証。以前のiOSは@Stateのみで再起動後保持しないギャップがあり、今回修正済み。,"FIXED_LOCAL: iOS displayModeをEntryListDisplayMode.rawValue + @AppStorage(""entryListDisplayMode"")で永続化。",PASS local retest: Android targeted unit、iOS generic build成功。物理端末再起動保持は未実施。,未実機操作: 代表導線のみ確認。データ作成/削除を伴う操作は未実施。,NOT VERIFIED on physical iPhone: Appium/WDA UI取得不可。Bundle ID確認とlaunchのみ。,iOS display mode persistence fixed 2026-06-29.,2026-06-29 00:57:14 +0900
US-007,ユーザー,Android/iOS,一覧操作,スワイプでアーカイブ,DefaultUrlRepository.kt; URLRepository.swift; SwipeThresholds.kt; RootView.swift,ユーザーとして、Activeカードをスワイプしてアーカイブし、Undoできる。,ACTIVE -> ARCHIVED、UndoでACTIVE復帰、iOSは横スワイプ意図判定あり。,Android: RepositoryBehaviorTest/MainListViewModelTest/Phase1aFlowTest; iOS: URLRepositoryTests/ServiceFilterTests; 実機: 主要カードで操作,release buildでDB状態遷移一致,LOCAL_PASS_WITH_IPHONE_DEVICE_GAP: Android/iOS compile系成功、iPhone UI操作未検証,PASS: ./gradlew assembleDebug testDebugUnitTest lintDebug assembleRelease 成功。connectedDebugAndroidTestは実機データ保護のため未実行。 / PARTIAL: iOS Release generic build と build-for-testing 成功。XCTest実行はCoreSimulator不整合で未実施。,iOS XCTest/UI操作: CoreSimulator不整合またはAppium RemoteXPC tunnel未起動により未完了。,修正対象なし: 環境/外部接続ブロックまたは未検証。コードのロジスティカル/UXエラーは今回の検証では未検出。,再テスト未実施: 修正なし。ブロック解除後に再実行。,未実機操作: 代表導線のみ確認。データ作成/削除を伴う操作は未実施。,NOT VERIFIED on physical iPhone: Appium/WDA UI取得不可。Bundle ID確認とlaunchのみ。,,2026-06-27 15:51:33 +0900
US-008,ユーザー,Android/iOS,一覧操作,削除猶予とUndo,DefaultUrlRepository.kt; URLRepository.swift; MainActivityViewModelSnackbarUndoTest.swift?; URLSaverAppModel.swift,ユーザーとして、誤削除しても猶予中に元に戻せる。,ACTIVE -> PENDING_DELETE、猶予後削除、UndoでACTIVE復帰。共有参照があるiOS行はローカル由来だけ落とす。,Android: RepositoryBehaviorTest/MainActivityViewModelSnackbarUndoTest; iOS: URLRepositoryTests; 実機: 非破壊の一時テストデータのみ,release buildで猶予ロジック一致,LOCAL_PASS_WITH_IPHONE_DEVICE_GAP: Android/iOS compile系成功、iPhone UI操作未検証,PASS: ./gradlew assembleDebug testDebugUnitTest lintDebug assembleRelease 成功。connectedDebugAndroidTestは実機データ保護のため未実行。 / PARTIAL: iOS Release generic build と build-for-testing 成功。XCTest実行はCoreSimulator不整合で未実施。,iOS XCTest/UI操作: CoreSimulator不整合またはAppium RemoteXPC tunnel未起動により未完了。,修正対象なし: 環境/外部接続ブロックまたは未検証。コードのロジスティカル/UXエラーは今回の検証では未検出。,再テスト未実施: 修正なし。ブロック解除後に再実行。,未実機操作: 代表導線のみ確認。データ作成/削除を伴う操作は未実施。,NOT VERIFIED on physical iPhone: Appium/WDA UI取得不可。Bundle ID確認とlaunchのみ。,通常端末の既存データは消さない,2026-06-27 15:51:33 +0900
US-009,ユーザー,Android/iOS,詳細,詳細画面と外部で開く,DetailViewModel.kt; DetailView.kt; ExternalActions.kt; URLRepository.swift,ユーザーとして、一覧カードタップで詳細へ進み、必要なときだけ外部ブラウザで開ける。,カードタップは直接外部起動せず、詳細のopenUrlがnormalizedUrl。,Android: ExternalActionsTest/Phase1aFlowTest; iOS: manual/device確認,release buildでIntent/URL open動作保持,LOCAL_PASS_WITH_IPHONE_DEVICE_GAP: Android/iOS compile系成功、iPhone UI操作未検証,PASS: ./gradlew assembleDebug testDebugUnitTest lintDebug assembleRelease 成功。connectedDebugAndroidTestは実機データ保護のため未実行。 / PARTIAL: iOS Release generic build と build-for-testing 成功。XCTest実行はCoreSimulator不整合で未実施。,iOS XCTest/UI操作: CoreSimulator不整合またはAppium RemoteXPC tunnel未起動により未完了。,修正対象なし: 環境/外部接続ブロックまたは未検証。コードのロジスティカル/UXエラーは今回の検証では未検出。,再テスト未実施: 修正なし。ブロック解除後に再実行。,未実機操作: 代表導線のみ確認。データ作成/削除を伴う操作は未実施。,NOT VERIFIED on physical iPhone: Appium/WDA UI取得不可。Bundle ID確認とlaunchのみ。,,2026-06-27 15:51:33 +0900
US-010,ユーザー,Android/iOS,詳細,タイトル編集とUndo,DetailViewModel.kt; DefaultUrlRepository.kt; URLSaverAppModel.swift; URLRepository.swift,ユーザーとして、タイトルを自分用に編集し、直後なら元に戻せる。,空白はnull、最大120文字、Undo通知は対象詳細に紐づく。,Android: MainActivityViewModelSnackbarUndoTest/RepositoryBehaviorTest; iOS: URLRepositoryTests,release buildで入力制約一致,LOCAL_PASS_WITH_IPHONE_DEVICE_GAP: Android/iOS compile系成功、iPhone UI操作未検証,PASS: ./gradlew assembleDebug testDebugUnitTest lintDebug assembleRelease 成功。connectedDebugAndroidTestは実機データ保護のため未実行。 / PARTIAL: iOS Release generic build と build-for-testing 成功。XCTest実行はCoreSimulator不整合で未実施。,iOS XCTest/UI操作: CoreSimulator不整合またはAppium RemoteXPC tunnel未起動により未完了。,修正対象なし: 環境/外部接続ブロックまたは未検証。コードのロジスティカル/UXエラーは今回の検証では未検出。,再テスト未実施: 修正なし。ブロック解除後に再実行。,未実機操作: 代表導線のみ確認。データ作成/削除を伴う操作は未実施。,NOT VERIFIED on physical iPhone: Appium/WDA UI取得不可。Bundle ID確認とlaunchのみ。,,2026-06-27 15:51:33 +0900
US-011,ユーザー,Android/iOS,詳細,メモ編集,DetailViewModel.kt; DefaultUrlRepository.kt; URLRepository.swift,ユーザーとして、保存URLにメモを付けられる。,空白のみは空文字、最大2000文字、updatedAt更新。,Android: RepositoryBehaviorTest; iOS: URLRepositoryTests,release buildで制約一致,LOCAL_PASS_WITH_IPHONE_DEVICE_GAP: Android/iOS compile系成功、iPhone UI操作未検証,PASS: ./gradlew assembleDebug testDebugUnitTest lintDebug assembleRelease 成功。connectedDebugAndroidTestは実機データ保護のため未実行。 / PARTIAL: iOS Release generic build と build-for-testing 成功。XCTest実行はCoreSimulator不整合で未実施。,iOS XCTest/UI操作: CoreSimulator不整合またはAppium RemoteXPC tunnel未起動により未完了。,修正対象なし: 環境/外部接続ブロックまたは未検証。コードのロジスティカル/UXエラーは今回の検証では未検出。,再テスト未実施: 修正なし。ブロック解除後に再実行。,未実機操作: 代表導線のみ確認。データ作成/削除を伴う操作は未実施。,NOT VERIFIED on physical iPhone: Appium/WDA UI取得不可。Bundle ID確認とlaunchのみ。,,2026-06-27 15:51:33 +0900
US-012,ユーザー,Android/iOS,メタデータ,metadata取得と状態表示,FetchMetadataWorker.kt; MetadataFetcher.kt; MetadataCoordinator.swift; MetadataStatusTextTests.swift; MetadataUiText.kt; MetadataWorkScheduler.kt; ResolveWorker.kt; AppBackgroundScheduler.swift; BackgroundTaskRunner.swift,ユーザーとして、保存URLのタイトル/本文/サムネイルが取得され、失敗時も理由を理解できる。,READY/PENDING/FAILED/UNAVAILABLEをUI文言へ分離し、部分成功をREADY扱いする。 iOSはBGTaskSchedulerでbest-effortにmetadata backlogを再実行し、expiration時は一度だけ失敗完了する。,Android: FetchMetadataWorkerTest/MetadataFetcherTest/MetadataUiTextTest; iOS: MetadataFetcherTests/MetadataStatusTextTests,release buildでAPIキー未設定でもgraceful fallback,LOCAL_PASS_WITH_DEVICE_GAP,PASS: iOS MetadataStatusTextTests 5件成功し、BackgroundTaskRunnerの成功/失敗/expiration完了契約を確認。Android metadata系は既存unit/buildで通過済み。,iOS XCTest/UI操作: CoreSimulator不整合またはAppium RemoteXPC tunnel未起動により未完了。 iOS実機BGTaskSchedulerの実スケジュール発火、Android WorkManager実機発火は未検証。,修正対象なし: 環境/外部接続ブロックまたは未検証。コードのロジスティカル/UXエラーは今回の検証では未検出。,PASS local retest: iOS MetadataStatusTextTests成功。実機バックグラウンド発火は未実施。,未実機操作: 代表導線のみ確認。データ作成/削除を伴う操作は未実施。,NOT VERIFIED on physical iPhone: Appium/WDA UI取得不可。Bundle ID確認とlaunchのみ。,iOS BGTaskScheduler/BackgroundTaskRunner coverage added 2026-06-29.,2026-06-29 00:57:14 +0900
US-013,ユーザー,Android/iOS,メタデータ,metadata再取得/リトライ,DefaultUrlRepository.kt; DetailViewModel.kt; URLRepository.swift; URLSaverAppModel.swift,ユーザーとして、失敗/不足したmetadataを手動で再取得できる。,FAILED/UNAVAILABLE/不足READYで再enqueueし、metadata更新だけではupdatedAtを変えない。,Android: FetchMetadataWorkerTest/RepositoryBehaviorTest; iOS: URLRepositoryTests,release buildでWorkManager/BGTask登録可能,LOCAL_PASS_WITH_IPHONE_DEVICE_GAP: Android/iOS compile系成功、iPhone UI操作未検証,PASS: ./gradlew assembleDebug testDebugUnitTest lintDebug assembleRelease 成功。connectedDebugAndroidTestは実機データ保護のため未実行。 / PARTIAL: iOS Release generic build と build-for-testing 成功。XCTest実行はCoreSimulator不整合で未実施。,iOS XCTest/UI操作: CoreSimulator不整合またはAppium RemoteXPC tunnel未起動により未完了。,修正対象なし: 環境/外部接続ブロックまたは未検証。コードのロジスティカル/UXエラーは今回の検証では未検出。,再テスト未実施: 修正なし。ブロック解除後に再実行。,未実機操作: 代表導線のみ確認。データ作成/削除を伴う操作は未実施。,NOT VERIFIED on physical iPhone: Appium/WDA UI取得不可。Bundle ID確認とlaunchのみ。,,2026-06-27 15:51:33 +0900
US-014,ユーザー,Android/iOS,タグ,ローカルタグ作成/割当/削除,TagRepository.kt; DefaultTagRepository.kt; DetailViewModel.kt; URLRepository.swift; SharedTagManagementSheets.swift,ユーザーとして、リンクにローカルタグを付け、タグ別に見返せる。,タグ名検証、重複処理、URL件数表示、削除時関連付け解除。,Android: TagRepositoryTest/TagDaoTest/DetailTagUiStateTest; iOS: SharedTagStoreTests/URLRepositoryTests; 実機: タグ画面表示,release buildでDB migration後も保持,LOCAL_PASS_WITH_IPHONE_DEVICE_GAP: Android/iOS compile系成功、iPhone UI操作未検証,PASS: ./gradlew assembleDebug testDebugUnitTest lintDebug assembleRelease 成功。connectedDebugAndroidTestは実機データ保護のため未実行。 / PARTIAL: iOS Release generic build と build-for-testing 成功。XCTest実行はCoreSimulator不整合で未実施。,iOS XCTest/UI操作: CoreSimulator不整合またはAppium RemoteXPC tunnel未起動により未完了。,修正対象なし: 環境/外部接続ブロックまたは未検証。コードのロジスティカル/UXエラーは今回の検証では未検出。,再テスト未実施: 修正なし。ブロック解除後に再実行。,未実機操作: 代表導線のみ確認。データ作成/削除を伴う操作は未実施。,NOT VERIFIED on physical iPhone: Appium/WDA UI取得不可。Bundle ID確認とlaunchのみ。,,2026-06-27 15:51:33 +0900
US-015,ユーザー,Android/iOS,タグ,タグ詳細とURL一覧,TagDetailScreen.kt; TagDetailViewModel.kt; SharedTagCloudSheet.swift,ユーザーとして、タグを開いて含まれるURLだけを確認できる。,タグ別URL一覧、戻る、詳細遷移、ローカル/共有タグの区別。,Android: TagRepositoryTest + 実機; iOS: SharedTagStoreTests + 実機,release buildで正準ID画面を確認,LOCAL_PASS_WITH_IPHONE_DEVICE_GAP: Android/iOS compile系成功、iPhone UI操作未検証,PASS: ./gradlew assembleDebug testDebugUnitTest lintDebug assembleRelease 成功。connectedDebugAndroidTestは実機データ保護のため未実行。 / PARTIAL: iOS Release generic build と build-for-testing 成功。XCTest実行はCoreSimulator不整合で未実施。,iOS XCTest/UI操作: CoreSimulator不整合またはAppium RemoteXPC tunnel未起動により未完了。,修正対象なし: 環境/外部接続ブロックまたは未検証。コードのロジスティカル/UXエラーは今回の検証では未検出。,再テスト未実施: 修正なし。ブロック解除後に再実行。,未実機操作: 代表導線のみ確認。データ作成/削除を伴う操作は未実施。,NOT VERIFIED on physical iPhone: Appium/WDA UI取得不可。Bundle ID確認とlaunchのみ。,,2026-06-27 15:51:33 +0900
US-016,ユーザー,Android/iOS,共有タグ,ローカルタグをクラウド共有タグへ移行,DefaultTagRepository.kt; SharedTagSyncCoordinator.kt; SharedTagCloud.swift,ユーザーとして、必要なタグだけクラウド共有へ移行できる。,未設定時は無効、サインイン済み/設定済みでremote tag作成と同期操作を記録。,Android: SharedTagSyncRepositoryTest; iOS: SharedTagCloudLiveSyncTests(環境依存),本番Supabase設定時のみ有効、未設定releaseでは非表示/無効,LOCAL_PASS_WITH_IPHONE_DEVICE_GAP: Android/iOS compile系成功、iPhone UI操作未検証,PASS: ./gradlew assembleDebug testDebugUnitTest lintDebug assembleRelease 成功。connectedDebugAndroidTestは実機データ保護のため未実行。 / PARTIAL: iOS Release generic build と build-for-testing 成功。XCTest実行はCoreSimulator不整合で未実施。,iOS XCTest/UI操作: CoreSimulator不整合またはAppium RemoteXPC tunnel未起動により未完了。,修正対象なし: 環境/外部接続ブロックまたは未検証。コードのロジスティカル/UXエラーは今回の検証では未検出。,再テスト未実施: 修正なし。ブロック解除後に再実行。,未実機操作: 代表導線のみ確認。データ作成/削除を伴う操作は未実施。,NOT VERIFIED on physical iPhone: Appium/WDA UI取得不可。Bundle ID確認とlaunchのみ。,外部Supabaseは資格情報なしでは未検証,2026-06-27 15:51:33 +0900
US-017,ユーザー,Android/iOS,共有タグ,招待リンク作成/参加,ShareReceiverEntrypointRouter.kt; SharedTagInviteViewModel.kt; PendingInviteStore.swift; URLSaverAppModel.swift,ユーザーとして、招待リンクから共有タグ/グループに参加できる。,urlsaver://invite と https://miyamibu.xyz/invite を解釈し、invalid時は明示する。,Android: MainActivityViewModelSecondaryIntentTest/ShareReceiverActivityEntrypointTest; iOS: PendingInviteStoreTests/URLSaverAppModel source + live tests,app links/deep linksがrelease manifest/plistに残ること,LOCAL_PASS_WITH_IPHONE_DEVICE_GAP: Android/iOS compile系成功、iPhone UI操作未検証,PASS: ./gradlew assembleDebug testDebugUnitTest lintDebug assembleRelease 成功。connectedDebugAndroidTestは実機データ保護のため未実行。 / PARTIAL: iOS Release generic build と build-for-testing 成功。XCTest実行はCoreSimulator不整合で未実施。,iOS XCTest/UI操作: CoreSimulator不整合またはAppium RemoteXPC tunnel未起動により未完了。,修正対象なし: 環境/外部接続ブロックまたは未検証。コードのロジスティカル/UXエラーは今回の検証では未検出。,再テスト未実施: 修正なし。ブロック解除後に再実行。,未実機操作: 代表導線のみ確認。データ作成/削除を伴う操作は未実施。,NOT VERIFIED on physical iPhone: Appium/WDA UI取得不可。Bundle ID確認とlaunchのみ。,,2026-06-27 15:51:33 +0900
US-018,ユーザー,Android/iOS,共有タグ,共有タグ同期,SharedTagSyncWorker.kt; SharedTagSyncCoordinator.kt; SharedTagSyncExecutor.swift; SharedTagCloud.swift; SQLiteDatabase.swift,ユーザーとして、共有タグのURL変更がクラウドと同期される。,起動/変更時に同期、失敗時は状態表示、リアルタイムpushは必須でない。,Android: SharedTagSyncRepositoryTest; iOS: SharedTagSyncExecutorTests; Supabase SQL validation,本番相当はproduction Supabase値が必要,LOCAL_PASS_WITH_DEVICE_GAP,PASS: iOS MetadataStatusTextTests 5件成功。SharedTagCloud migrationのdisplay_name追加をaddColumnIfMissingへ変更し、重複カラムログが消えたことを/tmp/rinbam-metadata-test.logで確認。,物理端末での共有タグ同期/グループ同期、Supabase live syncは未検証。iOS simulatorではApp Group entitlement警告とCoreSimulator WebCore/WebKit重複クラス警告が残るが、display_name重複カラムログは解消。,FIXED_LOCAL: SharedTagCloud migrationのtry? ALTER TABLEをSQLiteDatabase.addColumnIfMissingへ置換し、既存DBでの冪等性を改善。,PASS local retest: xcodebuild test -only-testing:URLSaveriOSTests/MetadataStatusTextTests 成功、重複display_name migrationログなし。,未実機操作: 代表導線のみ確認。データ作成/削除を伴う操作は未実施。,NOT VERIFIED on physical iPhone: 共有タグ/グループ同期は未検証。,iOS shared tag display_name migration idempotency fixed 2026-06-29.,2026-06-29 01:02:48 +0900
US-019,ユーザー,Android/iOS,グループ,共有タググループ作成/編集,DefaultTagRepository.kt; SharedTagCloudScreens.kt; SharedTagManagementSheets.swift; SharedTagCloud.swift; SQLiteDatabase.swift,ユーザーとして、共有タグをグループで整理し、メンバーと共有できる。,グループ作成、タグ追加/削除、招待、名前変更、削除、権限変更/移譲の結果文言。,Android: TagRepositoryTest/SharedTagSyncRepositoryTest + 実機; iOS: SharedTagCloudLiveSyncTests + 実機,本番Supabase RPCが適用済みであること,LOCAL_PASS_WITH_DEVICE_GAP,PASS: iOS MetadataStatusTextTests 5件成功。SharedTagCloud migrationのdisplay_name追加をaddColumnIfMissingへ変更し、重複カラムログが消えたことを/tmp/rinbam-metadata-test.logで確認。,物理端末での共有タグ同期/グループ同期、Supabase live syncは未検証。iOS simulatorではApp Group entitlement警告とCoreSimulator WebCore/WebKit重複クラス警告が残るが、display_name重複カラムログは解消。,FIXED_LOCAL: SharedTagCloud migrationのtry? ALTER TABLEをSQLiteDatabase.addColumnIfMissingへ置換し、既存DBでの冪等性を改善。,PASS local retest: xcodebuild test -only-testing:URLSaveriOSTests/MetadataStatusTextTests 成功、重複display_name migrationログなし。,未実機操作: 代表導線のみ確認。データ作成/削除を伴う操作は未実施。,NOT VERIFIED on physical iPhone: 共有タグ/グループ同期は未検証。,iOS shared tag display_name migration idempotency fixed 2026-06-29.,2026-06-29 01:02:48 +0900
US-020,ユーザー,Android/iOS,プロフィール,サインイン/サインアップ/サインアウト,SharedTagAuthViewModel.kt; SharedTagAuthRemoteDataSource.kt; SharedTagCloudSheet.swift,ユーザーとして、共有機能のためにメール/パスワードまたはGoogleでサインインできる。,未設定時は説明、OAuth callbackを処理、サインアウトで状態更新。,Android: SharedTagAuthViewModelTest; iOS: source/live env確認; 実機: 画面表示と非秘密操作,本番URL/key/OAuth設定が必要,LOCAL_PASS_WITH_IPHONE_DEVICE_GAP: Android/iOS compile系成功、iPhone UI操作未検証,PASS: ./gradlew assembleDebug testDebugUnitTest lintDebug assembleRelease 成功。connectedDebugAndroidTestは実機データ保護のため未実行。 / PARTIAL: iOS Release generic build と build-for-testing 成功。XCTest実行はCoreSimulator不整合で未実施。,iOS XCTest/UI操作: CoreSimulator不整合またはAppium RemoteXPC tunnel未起動により未完了。,修正対象なし: 環境/外部接続ブロックまたは未検証。コードのロジスティカル/UXエラーは今回の検証では未検出。,再テスト未実施: 修正なし。ブロック解除後に再実行。,未実機操作: 代表導線のみ確認。データ作成/削除を伴う操作は未実施。,NOT VERIFIED on physical iPhone: Appium/WDA UI取得不可。Bundle ID確認とlaunchのみ。,秘密値入力はユーザー操作のみ,2026-06-27 15:51:33 +0900
US-021,ユーザー,Android/iOS,プロフィール,プロフィール名/画像/テーマ,SharedTagCloudScreens.kt; UserProfileStore.kt; RootView.swift; UserProfileStore.swift,ユーザーとして、プロフィール名・画像・テーマを設定できる。,ローカル保存し、共有プロフィールへ反映可能な場合は同期する。,Android: UserProfileStore source/実機; iOS: UserProfileStoreTests; 実機: 画面表示,release buildで保存先が正しいこと,LOCAL_PASS_WITH_IPHONE_DEVICE_GAP: Android/iOS compile系成功、iPhone UI操作未検証,PASS: ./gradlew assembleDebug testDebugUnitTest lintDebug assembleRelease 成功。connectedDebugAndroidTestは実機データ保護のため未実行。 / PARTIAL: iOS Release generic build と build-for-testing 成功。XCTest実行はCoreSimulator不整合で未実施。,iOS XCTest/UI操作: CoreSimulator不整合またはAppium RemoteXPC tunnel未起動により未完了。,修正対象なし: 環境/外部接続ブロックまたは未検証。コードのロジスティカル/UXエラーは今回の検証では未検出。,再テスト未実施: 修正なし。ブロック解除後に再実行。,未実機操作: 代表導線のみ確認。データ作成/削除を伴う操作は未実施。,NOT VERIFIED on physical iPhone: Appium/WDA UI取得不可。Bundle ID確認とlaunchのみ。,,2026-06-27 15:51:33 +0900
US-022,ユーザー,Android/iOS,アカウント,アカウント削除/問い合わせ,SharedTagCloudScreens.kt; SharedTagAuthRemoteDataSource.kt; account-deletion docs; SharedTagCloud.swift,ユーザーとして、アカウント削除や問い合わせ導線を使える。,削除は確認ダイアログ経由、問い合わせはメール作成、外部削除URL/文書と整合。,Android/iOS source + 実機画面確認; Supabase RPC validation,本番削除URL/設定が必要,LOCAL_PASS_WITH_IPHONE_DEVICE_GAP: Android/iOS compile系成功、iPhone UI操作未検証,PASS: ./gradlew assembleDebug testDebugUnitTest lintDebug assembleRelease 成功。connectedDebugAndroidTestは実機データ保護のため未実行。 / PARTIAL: iOS Release generic build と build-for-testing 成功。XCTest実行はCoreSimulator不整合で未実施。,iOS XCTest/UI操作: CoreSimulator不整合またはAppium RemoteXPC tunnel未起動により未完了。,修正対象なし: 環境/外部接続ブロックまたは未検証。コードのロジスティカル/UXエラーは今回の検証では未検出。,再テスト未実施: 修正なし。ブロック解除後に再実行。,未実機操作: 代表導線のみ確認。データ作成/削除を伴う操作は未実施。,NOT VERIFIED on physical iPhone: Appium/WDA UI取得不可。Bundle ID確認とlaunchのみ。,破壊的な実削除は承認なしに実行しない,2026-06-27 15:51:33 +0900
US-023,ユーザー,Android/iOS,優待/プラン,優待コード適用,EntitlementGrantRepository.kt; SharedTagCloudScreens.kt; URLSaverAppModel.swift; SharedTagCloud.swift; EntitlementGrantStore.kt; EntitlementGrantRemoteDataSource.kt; UsageSummaryDataSource.kt,ユーザーとして、受け取った優待コードを入力してPro権限を受け取れる。,空/未サインイン/失敗/成功を明示し、使用状況に反映する。,Android: EntitlementResolverTest/SharedTagAuthViewModelTest; iOS: URLRulesTests entitlement tests,本番Supabase RPC/migration適用が必要,LOCAL_PASS_WITH_DEVICE_GAP,PASS: ./gradlew testDebugUnitTest --tests EntitlementResolverTest 成功。PASS: iOS URLRulesTests LimitChecker対象2件成功。SharedTagAuthViewModelTestは直近実行済み。,本番Supabase RPC/get_my_entitlement_grants/redeem_promo_code live実行、実メール/リンクからの優待適用、物理端末操作は未検証。,修正なし: ローカルテスト上のエラー未検出。Entitlement cache/remote/usage summaryのcode_basisを補強。,PASS local retest: Android entitlement targeted test、iOS limit checker targeted tests成功。,未実機操作: 代表導線のみ確認。データ作成/削除を伴う操作は未実施。,NOT VERIFIED on physical iPhone: Appium/WDA UI取得不可。Bundle ID確認とlaunchのみ。,entitlement cache/remote coverage refreshed 2026-06-29.,2026-06-29 01:00:20 +0900
US-024,ユーザー,Android/iOS,プラン制限,保存数/タグ数/共有制限,PlanModels.kt; Models.swift; EntitlementResolver.kt; UsageSummaryDataSource.kt; EntitlementResolverTest.kt; URLRulesTests.swift,ユーザーとして、上限に達したとき理由を理解できる。,LaunchStandard/Free/Pro/PromoProの制限が保存/タグ/共有URLで適用される。,Android: EntitlementResolverTest/RepositoryBehaviorTest/TagRepositoryTest; iOS: URLRulesTests,release buildでdebug overrideに依存しない,LOCAL_PASS_WITH_DEVICE_GAP,PASS: ./gradlew testDebugUnitTest --tests EntitlementResolverTest 成功。PASS: iOS URLRulesTests LimitChecker対象2件成功。,物理端末で実使用量が上限に達した時のUI文言/ブロック、Supabase live grant反映は未検証。,修正なし: ローカル制限判定テスト上のエラー未検出。,PASS local retest: Android/iOS limit checker targeted tests成功。,未実機操作: 代表導線のみ確認。データ作成/削除を伴う操作は未実施。,NOT VERIFIED on physical iPhone: Appium/WDA UI取得不可。Bundle ID確認とlaunchのみ。,usage/limit checker coverage refreshed 2026-06-29.,2026-06-29 01:00:20 +0900
US-025,ユーザー,Android/iOS,エクスポート,AI-friendly ZIP/JSONエクスポート,ExportRepository.kt; ExportScreen.kt; ExportArchiveBuilder.swift; ExportSheet.swift; ExportViewModel.kt; ActivityShareSheet.swift; URLSaverAppModel.swift,ユーザーとして、保存URLをAI/Codexで読みやすいZIP/JSONとして出力できる。,manifest、entries.jsonl、entries/*.md またはJSONを生成し、範囲/タグ/状態/サービス/メモ/日付フィルタ対応。Androidは共有シート/ファイル保存、iOSはUIActivityViewController/fileExporterで出力できる。,Android: ExportRepositoryTest/ExportScreenTest; iOS: ExportArchiveBuilderTests/ServiceFilterTests; 実機: 画面表示,release buildでFileProvider/share sheetが機能,LOCAL_PASS_WITH_DEVICE_GAP,PASS: ./gradlew testDebugUnitTest --tests ExportRepositoryTest --tests ExportScreenTest 成功。PASS: iOS ExportArchiveBuilderTests/ServiceFilterTests 対象実行19件中Export関連17件成功。,物理Android/iPhoneでの共有シート、ファイル保存、ファイル受け渡し先アプリでの実確認は未検証。iOS simulator test中にApp Group entitlement警告と重複display_name migrationログあり、テスト失敗はなし。,修正なし: ローカルテスト上のエラー未検出。台帳code_basisに共有シート/保存先実装を補強。,PASS local retest: Android export targeted tests、iOS export/filter targeted tests成功。物理共有先は未実施。,未実機操作: export共有シート/ファイル保存は未検証。,NOT VERIFIED on physical iPhone: export共有シート/fileExporterは未検証。,export share/file destination coverage refreshed 2026-06-29.,2026-06-29 01:00:20 +0900
US-026,ユーザー,Android/iOS,使い方,使い方リストと初回オンボーディング分離,UrlSaverRoot.kt; RootView.swift; AGENTS.md; artifacts/ui-review/2026-06-25,ユーザーとして、ブック/使い方ボタンからイラスト付き使い方リストを開ける。,初回spotlightとは別画面、下部バー非表示、戻るでホーム、既存デザインサイズは維持。,実機: Android/iPhoneのブックボタン確認; source inspection,release buildでも同一導線,PARTIAL_PASS: Android実機PASS、iPhone UI操作は未検証,PASS: ./gradlew assembleDebug testDebugUnitTest lintDebug assembleRelease 成功。connectedDebugAndroidTestは実機データ保護のため未実行。 / PARTIAL: iOS Release generic build と build-for-testing 成功。XCTest実行はCoreSimulator不整合で未実施。,iOS XCTest/UI操作: CoreSimulator不整合またはAppium RemoteXPC tunnel未起動により未完了。,修正対象なし: 環境/外部接続ブロックまたは未検証。コードのロジスティカル/UXエラーは今回の検証では未検出。,再テスト未実施: 修正なし。ブロック解除後に再実行。,PASS(Android physical Pixel 9a 55211JEBF16639): jp.miyamibu.urlalbum 起動、ホーム、下部5アクション、使い方リスト、戻る復帰をXML/PNGで確認。,NOT VERIFIED on physical iPhone: Appium/WDA UI取得不可。Bundle ID確認とlaunchのみ。,大きさデザイン変更は禁止,2026-06-27 15:51:33 +0900
US-027,ユーザー,Android/iOS,下部ナビ,ホーム下部5アクション,UrlSaverRoot.kt; RootView.swift; artifacts/ui-review/2026-06-25,ユーザーとして、ホーム下部に グループ/エクスポート/＋/タグ/アーカイブ を常に見られる。,5アクション表示、iOS中央＋は突出、使い方画面では非表示。,実機: Android/iPhoneホーム画面確認,release buildで正準IDを確認,PARTIAL_PASS: Android実機PASS、iPhone UI操作は未検証,PASS: ./gradlew assembleDebug testDebugUnitTest lintDebug assembleRelease 成功。connectedDebugAndroidTestは実機データ保護のため未実行。 / PARTIAL: iOS Release generic build と build-for-testing 成功。XCTest実行はCoreSimulator不整合で未実施。,iOS XCTest/UI操作: CoreSimulator不整合またはAppium RemoteXPC tunnel未起動により未完了。,修正対象なし: 環境/外部接続ブロックまたは未検証。コードのロジスティカル/UXエラーは今回の検証では未検出。,再テスト未実施: 修正なし。ブロック解除後に再実行。,PASS(Android physical Pixel 9a 55211JEBF16639): jp.miyamibu.urlalbum 起動、ホーム、下部5アクション、使い方リスト、戻る復帰をXML/PNGで確認。,NOT VERIFIED on physical iPhone: Appium/WDA UI取得不可。Bundle ID確認とlaunchのみ。,サイズ変更は禁止。必要時は不具合記録のみ,2026-06-27 15:51:33 +0900
US-028,従業員,Android/iOS,運用,本番同等local-only releaseビルド,app/build.gradle.kts; ios/README.md; APP_STORE_REVIEW.md,従業員として、契約前/本番同等のローカル専用ビルドが安全に作れる。,Android releaseは広告無効、cloud未設定なら無効。iOS Release generic buildで署名なしcompile可能。,./gradlew assembleRelease; xcodebuild Release CODE_SIGNING_ALLOWED=NO,本番値なしでcloudを公開しない,LOCAL_PASS_WITH_IPHONE_DEVICE_GAP: Android/iOS compile系成功、iPhone UI操作未検証,PASS: ./gradlew assembleDebug testDebugUnitTest lintDebug assembleRelease 成功。connectedDebugAndroidTestは実機データ保護のため未実行。 / PARTIAL: iOS Release generic build と build-for-testing 成功。XCTest実行はCoreSimulator不整合で未実施。,iOS XCTest/UI操作: CoreSimulator不整合またはAppium RemoteXPC tunnel未起動により未完了。,修正対象なし: 環境/外部接続ブロックまたは未検証。コードのロジスティカル/UXエラーは今回の検証では未検出。,再テスト未実施: 修正なし。ブロック解除後に再実行。,未実機操作: 代表導線のみ確認。データ作成/削除を伴う操作は未実施。,NOT VERIFIED on physical iPhone: Appium/WDA UI取得不可。Bundle ID確認とlaunchのみ。,,2026-06-27 15:51:33 +0900
US-029,従業員,Android/iOS,運用,正準アプリID運用,app/build.gradle.kts; ios project.pbxproj; AGENTS.md,従業員として、実機確認時に古い開発IDではなく正準アプリを操作できる。,Android jp.miyamibu.urlalbum、iOS com.mibu.codebridge.iosを確認してから証跡化する。,adb package確認; xcodebuild settings/devicectl/Appium capability確認,ストア/実機で正準ID一致,PARTIAL_PASS: Android実機PASS、iPhone launchのみPASS,PASS: ./gradlew assembleDebug testDebugUnitTest lintDebug assembleRelease 成功。connectedDebugAndroidTestは実機データ保護のため未実行。 / PARTIAL: iOS Release generic build と build-for-testing 成功。XCTest実行はCoreSimulator不整合で未実施。,iOS XCTest/UI操作: CoreSimulator不整合またはAppium RemoteXPC tunnel未起動により未完了。,修正対象なし: 環境/外部接続ブロックまたは未検証。コードのロジスティカル/UXエラーは今回の検証では未検出。,再テスト未実施: 修正なし。ブロック解除後に再実行。,未実機操作: 代表導線のみ確認。データ作成/削除を伴う操作は未実施。,PARTIAL(iPhone physical 00008101-00066D96340A001E): com.mibu.codebridge.ios インストールとdevicectl launch成功。Appium/WDA UI取得はRemoteXPC tunnel未起動/port 8100 refusedで失敗。NOT VERIFIED on physical iPhone for UI operations.,,2026-06-27 15:51:33 +0900
US-030,従業員,Android/iOS,運用,非破壊の実機検証,AGENTS.md; iphone-real-device-verification skill; scripts/install_on_device.sh,従業員として、ユーザー端末データを消さずに主要導線を確認できる。,connectedDebugAndroidTest/pm clear/uninstallは承認なし禁止。iPhoneはAppium/WDA優先。,adb devices; Appium status; screenshots/source capture,実機操作範囲を証跡に明記,PARTIAL_PASS: Android実機PASS、iPhone launchのみPASS,PASS: ./gradlew assembleDebug testDebugUnitTest lintDebug assembleRelease 成功。connectedDebugAndroidTestは実機データ保護のため未実行。 / PARTIAL: iOS Release generic build と build-for-testing 成功。XCTest実行はCoreSimulator不整合で未実施。,iOS XCTest/UI操作: CoreSimulator不整合またはAppium RemoteXPC tunnel未起動により未完了。,修正対象なし: 環境/外部接続ブロックまたは未検証。コードのロジスティカル/UXエラーは今回の検証では未検出。,再テスト未実施: 修正なし。ブロック解除後に再実行。,PASS(Android physical Pixel 9a 55211JEBF16639): jp.miyamibu.urlalbum 起動、ホーム、下部5アクション、使い方リスト、戻る復帰をXML/PNGで確認。,PARTIAL(iPhone physical 00008101-00066D96340A001E): com.mibu.codebridge.ios インストールとdevicectl launch成功。Appium/WDA UI取得はRemoteXPC tunnel未起動/port 8100 refusedで失敗。NOT VERIFIED on physical iPhone for UI operations.,,2026-06-27 15:51:33 +0900
AS-001,管理者,Web/Supabase,管理画面,管理者ログイン,web/admin/app/page.tsx; web/admin/lib/auth.ts,管理者として、Supabase Authの管理者アカウントで優待管理画面に入れる。,未ログイン時はログインフォーム、非管理者/APIエラーは拒否。,web/admin npm run typecheck/build; API source inspection,本番環境変数とservice keyが必要,LOCAL_PASS: Web build/typecheck成功。本番DB/API実動作は未検証,PASS: web/admin npm run typecheck と npm run build 成功。 / BLOCKED_LOCAL: supabase db lint --local は 127.0.0.1:55422 接続拒否。ローカルDB未起動。本番/linked DBは秘密値なしで未接続。,,修正なし: エラー未検出。,再テスト不要: 変更なし。,,,秘密値は扱わない,2026-06-27 15:51:33 +0900
AS-002,管理者,Web/Supabase,優待コード,優待コード一覧,web/admin/app/api/admin/promo-codes/route.ts; supabase/migrations/*promo*,管理者として、発行済み優待コードを状態付きで一覧できる。,最新100件、sent/delivered/redeemed/revoked/expired等のstatus_labelを返す。,Next build/typecheck; Supabase migration/RPC inspection,本番DBマイグレーション適用が必要,LOCAL_PASS: Web build/typecheck成功。本番DB/API実動作は未検証,PASS: web/admin npm run typecheck と npm run build 成功。 / BLOCKED_LOCAL: supabase db lint --local は 127.0.0.1:55422 接続拒否。ローカルDB未起動。本番/linked DBは秘密値なしで未接続。,,修正なし: エラー未検出。,再テスト不要: 変更なし。,,,,2026-06-27 15:51:33 +0900
AS-003,管理者,Web/Supabase,優待コード,優待コード送信,web/admin/app/api/admin/promo-codes/send/route.ts; lib/promo.ts; Resend webhook route,管理者として、対象メールに優待コードを送信し、結果を一度だけ確認できる。,targetEmail/note/expiresInDaysを受け、コードとredeemLinkを返す。送信状態を記録。,Next build/typecheck; API source; Resend webhook route check,Resend/Supabase本番設定が必要,LOCAL_PASS: Web build/typecheck成功。本番DB/API実動作は未検証,PASS: web/admin npm run typecheck と npm run build 成功。 / BLOCKED_LOCAL: supabase db lint --local は 127.0.0.1:55422 接続拒否。ローカルDB未起動。本番/linked DBは秘密値なしで未接続。,,修正なし: エラー未検出。,再テスト不要: 変更なし。,,,実送信は承認なしにしない,2026-06-27 15:51:33 +0900
AS-004,管理者,Web/Supabase,優待コード,優待コード取消,web/admin/app/api/admin/promo-codes/[id]/revoke/route.ts,管理者として、誤発行した優待コードを取消できる。,確認後POST、revoked_reasonを保存し一覧に反映。,Next build/typecheck; API source,本番DB/RLS/RPCが必要,LOCAL_PASS: Web build/typecheck成功。本番DB/API実動作は未検証,PASS: web/admin npm run typecheck と npm run build 成功。 / BLOCKED_LOCAL: supabase db lint --local は 127.0.0.1:55422 接続拒否。ローカルDB未起動。本番/linked DBは秘密値なしで未接続。,,修正なし: エラー未検出。,再テスト不要: 変更なし。,,,,2026-06-27 15:51:33 +0900
AS-005,管理者,Web/Supabase,ユーザー管理,ユーザー検索,web/admin/app/api/admin/users/route.ts; page.tsx,管理者として、メール断片から対象ユーザーを検索し、優待送信先を選べる。,2文字未満は検索しない。APIは管理者認証必須。,Next build/typecheck; API source,本番Auth管理API権限が必要,LOCAL_PASS: Web build/typecheck成功。本番DB/API実動作は未検証,PASS: web/admin npm run typecheck と npm run build 成功。 / BLOCKED_LOCAL: supabase db lint --local は 127.0.0.1:55422 接続拒否。ローカルDB未起動。本番/linked DBは秘密値なしで未接続。,,修正なし: エラー未検出。,再テスト不要: 変更なし。,,,,2026-06-27 15:51:33 +0900
AS-006,管理者,Supabase,配信監査,Resend webhookで配信状態追跡,web/admin/app/api/webhooks/resend/route.ts; 20260627020000_resend_webhook_delivery_events.sql,管理者として、送信後のdelivered/bounced等を優待コードに反映できる。,署名検証後、delivery_event_type/at/errorを更新する。,Next build/typecheck; migration SQL validation,本番Webhook secret/Resendが必要,LOCAL_PASS: Web build/typecheck成功。本番DB/API実動作は未検証,BLOCKED_LOCAL: supabase db lint --local は 127.0.0.1:55422 接続拒否。ローカルDB未起動。本番/linked DBは秘密値なしで未接続。 / PASS: web/admin npm run typecheck と npm run build 成功。,,修正なし: エラー未検出。,再テスト不要: 変更なし。,,,,2026-06-27 15:51:33 +0900
ES-001,従業員,Android/iOS/Supabase,品質管理,単一正準ストーリー台帳維持,docs/qa/rinbam_canonical_story_status.xlsx; docs/qa/rinbam_canonical_story_status.csv,従業員として、機能ごとの期待動作、テスト結果、未検証項目を一つの台帳で追跡できる。,この台帳を正本にし、テスト/修正/再テスト結果を同じ行に更新する。,ファイル存在確認、行数確認、Excel/CSV生成確認,本番同等結果欄を分離,PASS: 正準スプレッドシート/CSV更新済み,PASS: 既存45件に今回追加5件を追記し、CSV/XLSXを同一内容で更新。共有保存タグ選択、コレクション、ChatGPT連携、問い合わせ監査、公開Web/リンクを追加。,iOS XCTest/UI操作: CoreSimulator不整合またはAppium RemoteXPC tunnel未起動により未完了。 Supabase local lint: ローカルPostgres 127.0.0.1:55422 が接続拒否。,修正対象なし: 環境/外部接続ブロックまたは未検証。コードのロジスティカル/UXエラーは今回の検証では未検出。,PASS: CSV/XLSX更新後に行数/ID/XLSX dimension確認予定。,未実機操作: 代表導線のみ確認。データ作成/削除を伴う操作は未実施。,NOT VERIFIED on physical iPhone: Appium/WDA UI取得不可。Bundle ID確認とlaunchのみ。,US-034/US-035/US-036/AS-008/ES-006を追加。 US-037/US-038/US-039/US-040/TS-001を追加。 AS-009を追加し、US-039に公開reset-passwordページを追記。 US-006のiOS表示モード永続化ギャップを修正し、US-012にiOS BGTaskScheduler証跡を追記。 US-025/US-023/US-024のexport/entitlement近接テスト結果を更新。US-040にiOS PrivacyInfo証跡を補強。 iOS SharedTagCloud display_name migrationの冪等性を修正し、US-018/US-019/ES-003へ反映。,2026-06-29 01:02:48 +0900
ES-002,従業員,Android,品質管理,Androidローカル検証,README.md; build.gradle.kts; app/src/test,従業員として、Androidのビルド/単体/lintで退行を検出できる。,assembleDebug/testDebugUnitTest/lintDebugが実行され、失敗は台帳に記録。,./gradlew assembleDebug testDebugUnitTest lintDebug,assembleReleaseも別行で確認,PASS: Androidローカル検証成功、release buildも成功、実機共有系は未検証,PASS: 2026-06-29 ./gradlew assembleDebug testDebugUnitTest lintDebug 成功。PASS: ./gradlew assembleRelease 成功。対象追加確認として SharedTagAuthViewModelTest/TagRepositoryTest 単独実行も成功。,Release manifestで広告/AD_ID削除指定の対象なしwarning、MenuBook deprecated warningあり。どちらもbuild失敗ではない。物理共有/購入操作は未検証。,修正なし: エラー未検出。,PASS local retest。connectedDebugAndroidTestは実機データ保護のため未実施。,PASS(Android physical Pixel 9a 55211JEBF16639): jp.miyamibu.urlalbum 起動、ホーム、下部5アクション、使い方リスト、戻る復帰をXML/PNGで確認。,,connectedDebugAndroidTestは承認なし実行しない,2026-06-29 00:39:51 +0900
ES-003,従業員,iOS,品質管理,iOSローカル検証,ios/README.md; ios/URLSaveriOSTests,従業員として、iOSのbuild/test/release compileで退行を検出できる。,xcodebuild build/test/Release compileを実行し結果を記録。,xcodebuild -scheme URLSaveriOS build/test; Release generic build,署名なしRelease compile,PARTIAL_PASS_WITH_CORE_SIMULATOR_WARNING,PASS: iOS MetadataStatusTextTests 5件成功。display_name duplicate column migrationログとApp Group container_create_or_lookup警告は修正後に消失。,iOS simulator testでCoreSimulator WebCore/WebKit重複クラス警告は残存。物理iPhone UI操作は未検証。,PARTIAL_FIXED_LOCAL: SharedTagCloud migrationの重複カラムログとSharedContainerのXCTest時App Group lookup警告を修正。残る警告はCoreSimulator runtime由来として継続記録。,PASS local retest: MetadataStatusTextTests成功、duplicate display_nameログなし、container_create_or_lookupログなし。,,NOT VERIFIED on physical iPhone: Appium/WDA UI取得不可。Bundle ID確認とlaunchのみ。,App Group XCTest warning fixed 2026-06-29; CoreSimulator UIAccessibilityLoaderWebShared warning remains.,2026-06-29 01:07:00 +0900
ES-004,従業員,Web,品質管理,Web管理画面検証,web/admin/package.json; web/admin/app; web/admin/lib,従業員として、管理画面の型/ビルドを確認できる。,npm run typecheck と npm run build を実行し結果記録。,cd web/admin && npm run typecheck && npm run build,本番env未設定時の挙動を分離,PASS: Web管理画面 typecheck/build 成功,PASS: 2026-06-29 web/admin npm run typecheck と npm run build 成功。Next.js buildで管理API route生成まで確認。,,修正なし: typecheck/buildエラー未検出。,PASS local retest。本番env/API実動作は未検証。,,,,2026-06-29 00:39:51 +0900
ES-005,従業員,Supabase,品質管理,SQL/RPC検証,supabase/migrations; supabase/tests,従業員として、共有タグ/優待コードのDB契約を検証できる。,migrationとvalidation SQLの構文/対象を確認し、linked/localは資格情報の有無を明記。,supabase tests inspection; psql/supabase CLI可能なら実行,本番DBは承認と秘密値が必要,PARTIAL_PASS_WITH_LOCAL_DB_GAP,PASS: 2026-06-29 deno check supabase/functions/verify-store-purchase/index.ts 成功。BLOCKED_LOCAL: supabase db lint --local は 127.0.0.1:55422 connection refused。,Supabase local DB/RLS live validationは未実施。ローカルPostgres 127.0.0.1:55422 が接続拒否。linked/prod DBは秘密値と明示承認なしで未接続。,修正対象なし: 環境/外部接続ブロックまたは未検証。コードのロジスティカル/UXエラーは今回の検証では未検出。,PASS Edge Function type check。DB lint/RLS/migration live testはローカルDB起動またはlinked DB承認後に再実行。,,,,2026-06-29 00:39:51 +0900
US-031,ユーザー,Android/iOS,タグ共有,ローカルタグ共有リンク/JSON export/import,TagDetailScreen.kt; TagDetailViewModel.kt; ShareReceiverActivity.kt; ShareReceiverEntrypointRouter.kt; URLRepository.swift; RootView.swift; ShareViewController.swift; Models.swift,ユーザーとして、ローカルタグを他端末や共有先へ渡し、受け取った側でタグ名・URL・タイトル・メモを可能な範囲で復元できる。,Androidはタグ詳細から同端末リンクとJSONタグデータを共有できる。iOSはタグJSONをexport/importでき、Share Extensionで受け取ったタグJSONを取り込める。既存URLは上書きせず、作成/統合/重複/失敗件数を返す。,Android: assembleDebug/testDebugUnitTest/lintDebug; iOS: URLRepositoryTests testLocalTagPayloadExportImportTracksCreatedMergedAndSkipped; iOS generic build; source inspection,正準アプリIDで共有入口が残り、Share Extension/Intent経由でも同じimport契約を使うこと,LOCAL_PASS_WITH_DEVICE_GAP,PASS: ./gradlew assembleDebug testDebugUnitTest lintDebug 成功。PASS: iOS URLRepositoryTests単独成功、generic iOS Simulator build成功。,物理Android共有シート操作と物理iPhone Share Extension操作は未検証。iOS全体XCTestはlive Supabase 3件がInvalid API keyで失敗したが、このストーリー対象外。,実装済み: Androidタグ詳細のリンク/JSON共有、iOSタグJSON export/import、Share Extension importを追加。,PASS local retest。実機共有操作は未実施。,未実機操作: 共有シートからのタグJSON受け渡しは未検証。,NOT VERIFIED on physical iPhone: Share Extension操作は未検証。,実装コミット 7a2aba31。旧タグ共有復元の独立ストーリーとして追加。,2026-06-29 00:36:46 +0900
US-032,ユーザー,Android/iOS,共有タグ,未ログイン招待の保留/サインイン後再開,PendingInviteStore.kt; SharedTagInviteViewModel.kt; SharedTagAuthViewModel.kt; SharedTagCloudScreens.kt; UrlSaverRoot.kt; PendingInviteStore.swift; URLSaverAppModel.swift; SharedTagCloudSheet.swift,ユーザーとして、共有タグ招待を未ログインで開いても招待を失わず、サインイン後に参加を再開できる。,招待tokenを端末内に保存し、無効招待または参加成功で消す。プロフィール/クラウド画面で保留招待を表示し、サインイン後に参加または削除できる。,Android: SharedTagAuthViewModelTest/TagRepositoryTest + assembleDebug/testDebugUnitTest/lintDebug; iOS: PendingInviteStoreTests; source inspection,OAuth/メールサインイン後も同じpending invite storeを参照し、招待tokenをログやUIへ露出しないこと,LOCAL_PASS_WITH_DEVICE_GAP,PASS: Android SharedTagAuthViewModelTest/TagRepositoryTest対象実行成功。PASS: iOS PendingInviteStoreTests単独成功。Android全体build/test/lint成功。,OAuth実ブラウザ往復、Supabase live invite accept、物理iPhone Appium操作は未検証。,実装済み: AndroidにもPendingInviteStoreと再開カードを追加。iOSの既存pending invite再開と合わせた。,PASS local retest。live invite再開は外部Auth/Supabase環境待ち。,未実機操作: 実OAuth/招待リンク受け取りは未検証。,NOT VERIFIED on physical iPhone: Appium/WDA UI操作未検証。,実装コミット 7a2aba31。US-017の招待参加から保留再開を分離して追跡。,2026-06-29 00:36:46 +0900
US-033,ユーザー,Android/iOS/Supabase,課金/プラン,Standard/Proストア購入検証,GooglePlayBillingService.kt; StoreKitPurchaseService.swift; StorePurchaseRemoteDataSource.kt; verify-store-purchase/index.ts; 20260628150316_restore_store_purchase_verification.sql; EntitlementResolver.kt; Models.swift,ユーザーとして、Google Play BillingまたはStoreKitでStandard/Proを購入し、検証後に該当プランの権限を受け取れる。,クライアントは購入token/JWSをEdge Functionへ送り、Functionがストア検証後にuser_entitlement_grantsへstore_subscription grantを作る。raw tokenはDBに保存せずhashのみ保存する。,Android: assembleDebug/testDebugUnitTest/lintDebug; iOS: generic build; Supabase: deno check verify-store-purchase; SQL/source inspection,Google Play package name、App Store bundle ID、service account、Supabase service role envが本番/ストアsandboxで正しく設定されること,LOCAL_PASS_WITH_EXTERNAL_STORE_GAP,PASS: Android build/test/lint/release build成功。PASS: iOS generic build成功。PASS: deno check supabase/functions/verify-store-purchase/index.ts 成功。,Google Play sandbox purchase、StoreKit sandbox purchase、Edge Function deploy、migration適用、RTDN/App Store Server Notificationsは未検証。Supabase local db lintはローカルDB未起動で失敗。,実装済み: Store purchase verification table/migrationとEdge Functionを追加し、client purchase serviceから呼ぶ契約を整備。,PASS local/type/build retest。外部ストアsandboxとSupabase deployは未実施。,未実機操作: Google Play Billing実購入フロー未検証。,NOT VERIFIED on physical iPhone: StoreKit sandbox購入フロー未検証。,実装コミット 7a2aba31。ストア側product/価格/審査設定は外部ゲート。,2026-06-29 00:39:51 +0900
AS-007,管理者,Supabase,課金監査,ストア購入検証履歴/entitlement grant監査,store_purchase_verifications table; user_entitlement_grants; verify-store-purchase/index.ts; entitlement-foundation.md,管理者として、ストア購入検証が成功/失敗した履歴とgrantの紐づきを監査できる。,store_purchase_verificationsにplatform/product/transaction/hash/status/failure_reason/grant_id/expires_atを保存し、user_entitlement_grantsにはstore_subscription grantを重複transactionなしで作る。,Supabase migration/source inspection; deno check Edge Function; future: deployed DB RLS/RPC verification,本番DB migration適用、service_roleのみのwrite、authenticated本人select、ストア通知による失効更新方針の追加が必要,LOCAL_PASS_WITH_DEPLOY_GAP,PASS: deno check Edge Function成功。SQL migrationはsource確認済み。BLOCKED_LOCAL: supabase db lint --local はローカルDB接続拒否。,本番/linked DB migration適用、RLS live verification、失効webhookは未検証。ローカルDB未起動でSupabase lint不可。,実装済み: 検証履歴table、RLS、transaction unique index、grant作成処理を追加。,PASS local type/source retest。DB live validationは未実施。,,,実装コミット 7a2aba31。AS系に課金監査ストーリーを追加。,2026-06-29 00:39:51 +0900
US-034,ユーザー,Android/iOS,共有保存,共有保存時のタグ選択/作成,ShareReceiverActivity.kt; ShareViewController.swift; URLRepository.swift; DefaultUrlRepository.kt; ShareReceiverActivityEntrypointTest.kt,ユーザーとして、他アプリからURLを保存するとき、保存前に既存タグを選ぶか新しいタグを作成して、そのタグ付きで保存できる。,Android共有受信画面とiOS Share Extensionが保存先タグ一覧、複数選択、新規タグ作成、保存/キャンセルを提供する。保存後は選択タグにURLが紐づき、タグJSON importは通常URL保存とは別に処理される。,Android: ShareReceiverActivityEntrypointTest; RepositoryBehaviorTest; full assemble/test/lint. iOS: ShareViewController source inspection; URLRepositoryTests; Share Extension build included in generic build.,正準IDのShare target/Share Extensionで同等UIが表示されること。物理共有シートで保存前タグ選択が見えること。,LOCAL_PASS_WITH_DEVICE_GAP,PASS: ShareReceiverActivityEntrypointTest/RepositoryBehaviorTest対象実行成功。PASS: iOS generic buildとURLRepositoryTests成功。Source inspectionでiOS Share Extension tag picker/create/save確認。,物理Android共有シート操作、物理iPhone Share Extension操作は未検証。,修正なし: コード上はAndroid/iOSとも保存前タグ選択/作成UIあり。,PASS local/source retest。実機共有シートは未実施。,未実機操作: Android share sheetからタグ選択/作成は未検証。,NOT VERIFIED on physical iPhone: Share Extensionタグ選択/作成は未検証。,Androidで消えていたと報告された旧実装UIの追跡行。iOSにも対応UIあり。,2026-06-29 00:43:50 +0900
US-035,ユーザー,Android/iOS,コレクション,受信箱/自作コレクション作成・移動・並び替え,CollectionDao.kt; CollectionModels.kt; DefaultUrlRepositoryCollectionsSupport.kt; CollectionFilterRow.kt; MainListViewModel.kt; URLRepository.swift; Models.swift; URLRepositoryTests.swift,ユーザーとして、保存URLを受信箱以外の自作コレクションへ整理し、一覧上部のコレクションを並べ替えて絞り込める。,デフォルト受信箱を保持し、自作コレクション作成/重複検出/削除時の受信箱戻し/同名ローカルタグ連携/並び替え/フィルタが動く。,Android: RepositoryBehaviorTest/MainListViewModelTest/ListFilterStateTest/TopFilterOrderResolutionTest. iOS: URLRepositoryTests collection lifecycle. Future iOS collection UI tests.,Room migration後もcollectionsとurl_entries.collectionIdが保持され、削除時にURL本体は削除されないこと。,LOCAL_PASS_WITH_IOS_UI_GAP,PASS: Android RepositoryBehaviorTest/MainListViewModelTest/ListFilterStateTest/TopFilterOrderResolutionTest対象実行成功。PASS: iOS URLRepositoryTests 12件成功、受信箱/作成/重複/移動/並び替え/削除時受信箱戻しを確認。,iOSはcollectionsテーブル/API/URLRecord.collectionIDの土台を追加済み。自作コレクションの作成、移動、並び替え、フィルタUIは未実装。物理Androidで並び替え/削除は未検証。,PARTIAL_FIXED_LOCAL: iOS collectionsテーブル、CollectionSummary、create/assign/reorder/delete/load API、collection_id DEFAULT 1を追加。US-035完全復元にはiOS UI接続が必要。,PASS local retest: iOS URLRepositoryTests 12件成功。Android既存ローカルテストは前回成功済み。iOS UI実装/実機操作は未実施。,未実機操作: コレクション作成/並び替え/削除は未検証。,NOT VERIFIED on physical iPhone: コレクション作成/移動/並び替え/フィルタUIは未実装・未検証。,iOS collection repository/API foundation added 2026-06-29; full UI parity still required.,2026-06-29 01:24:00 +0900
US-036,ユーザー,Android/iOS/Supabase,AI連携,ChatGPT personal link sync,ChatGptPersonalLinkSync.kt; SharedTagAuthViewModel.kt; SharedTagCloudScreens.kt; SharedTagCloud.swift; SharedTagCloudSheet.swift; URLSaverAppModel.swift,ユーザーとして、サインイン後に保存中/アーカイブ済みリンクをChatGPT提案対象として同期し、本文取得の送信有無も選べる。,サインイン必須。enabled/contentFetchEnabledをSupabase RPCへ保存し、有効化時にactive+archivedの個人リンクをupsert_link opsとして同期する。本文送信はcontentFetchEnabled=trueのときだけ行う。,Android: SharedTagAuthViewModelTest/build source inspection. iOS: source inspection/generic build. Supabase: RPC/migration source inspection; local DB live validation pending.,本番Supabase RPC set_personal_link_chatgpt_sync/apply_personal_link_opsが適用済みで、ユーザー権限と本文送信設定が一致すること。,LOCAL_SOURCE_PASS_WITH_SUPABASE_LIVE_GAP,PASS: Android/iOS build系成功。Source inspectionでAndroid/iOSのUI toggle、AuthRequired、ops生成、content_fetch_allowed確認。,Supabase live RPC実行、ChatGPT側実消費、物理端末toggle操作は未検証。,修正なし: ローカルビルド/ソース上の明確なエラー未検出。,再テスト未実施: live Supabase環境が必要。,未実機操作: ChatGPT連携toggle未検証。,NOT VERIFIED on physical iPhone: ChatGPT連携toggle未検証。,本文送信のprivacy影響あり。store/privacy文言と継続照合が必要。,2026-06-29 00:43:50 +0900
AS-008,管理者,Supabase,問い合わせ監査,問い合わせ送信/Resend配信追跡,supabase/functions/contact-support/index.ts; supabase/functions/contact-support-resend-webhook/index.ts; ContactSupportClient.kt; SharedTagCloudScreens.kt; SharedTagCloudSheet.swift,管理者として、アプリ内問い合わせの送信、rate limit、Resend message id、配信イベントを追跡できる。,contact-support Functionが問い合わせを保存してResend送信し、webhookが署名検証後にdelivered/bounced等を反映する。クライアントは成功/失敗をUIへ返す。,Android: ContactSupportClientTest. Supabase: deno check contact-support/contact-support-resend-webhook. Future: live Resend webhook event verification.,CONTACT_TO_EMAIL/CONTACT_FROM_EMAIL/RESEND_API_KEY/RESEND_WEBHOOK_SECRETが本番設定され、rate limitと配信イベントが実DBに残ること。,LOCAL_PASS_WITH_RESEND_LIVE_GAP,PASS: ContactSupportClientTest成功。PASS: deno check contact-support と contact-support-resend-webhook 成功。Web admin buildも成功。,Resend live送信/配信/バウンスwebhook、Supabase DB live row確認は未検証。,修正なし: ローカル型/単体テスト上のエラー未検出。,PASS local/type retest。live deliveryは未実施。,,,US-022のユーザー問い合わせ導線に対応する管理/配信監査行。,2026-06-29 00:43:50 +0900
ES-006,従業員,Web/Store,公開Web/リンク,Privacy・Account deletion・App Links/Universal Links公開運用,web/invite-link/privacy/index.html; web/invite-link/account-deletion/index.html; web/invite-link/.well-known/assetlinks.json; web/invite-link/.well-known/apple-app-site-association; docs/release/final-submission-checklist.md,従業員として、ストア提出に必要なprivacy policy、account deletion URL、Android App Links、iOS Universal Linksの公開状態を追跡できる。,公開HTTPSでprivacy/account-deletionが200、assetlinks/AASAがJSONとして取得でき、package/bundle/team/fingerprintが提出対象と一致する。,docs/release/final-submission-checklist.md evidence; future: curl live URLs and JSON parse; store console values確認,Play App Signing SHA-256、Apple Team ID、bundle/package ID、公開ドメインmiyamibu.xyzが最終提出値と一致すること。,DOCUMENTED_PASS_WITH_FINAL_SHA_GAP,PASS(documented): final-submission-checklistに2026-06-27 live URL 200/JSON parse証跡あり。Current turnではlive curl未再実行。,Play App Signing final SHA-256はNEEDS_USER_ACTION。今回ターンでは外部live URL再検証未実施。,修正なし: 台帳追跡行として追加。,再テスト未実施: final SHA確定後にcurl/JSON parse/端末リンク確認が必要。,,,公開/ストア運用はコード機能ではないが、アプリ機能の到達性とストア審査に直結するためESとして追跡。,2026-06-29 00:43:50 +0900
US-037,ユーザー,Android/iOS,一覧,保存リンク検索,UrlSaverRoot.kt; MainListViewModel.kt; TagDao.kt; RootView.swift; ServiceFilterTests.swift; MainListViewModelTest.kt,ユーザーとして、保存済みリンクをタイトル、URL、ホスト、コレクション、タグ名で検索し、目的のリンクだけを一覧に絞り込める。,検索アイコンで検索欄を表示し、入力中はActive一覧が絞り込まれる。Androidはタイトル/URL/ホスト/コレクション名/割当ローカルタグ名、iOSはタイトル/URL/ホスト/割当ローカルタグ名を検索対象にする。未割当タグ名ではヒットしない。,"Android: MainListViewModelTest search tests. iOS: ServiceFilterTests search tests. Future UI test: search input, clear, no-result, guide-to-search transition.",正準Android/iOSアプリで実データを消さずに検索欄表示、入力、クリア、戻るが動くこと。,LOCAL_PASS_WITH_UI_DEVICE_GAP,PASS: ./gradlew testDebugUnitTest --tests jp.mimac.urlsaver.MainListViewModelTest 成功。PASS: xcodebuild test -only-testing:URLSaveriOSTests/ServiceFilterTests 成功、15 tests。,物理Android/iPhoneでの検索欄表示、入力、クリア、戻る操作は未検証。iOSはcollections Repository/APIの土台は追加済みだが、RootView検索へのコレクション名連携はまだ未接続。,FIXED_LOCAL: Androidのタグ名検索が任意タグ名一致で全件ヒットし得る誤爆を修正。Android/iOSとも割当ローカルタグ名だけを検索対象にするテストを追加。,PASS local retest: Android MainListViewModelTest、iOS ServiceFilterTests 成功。UI実操作は未実施。,未実機操作: 検索欄表示/入力/クリアは未検証。,NOT VERIFIED on physical iPhone: 検索欄表示/入力/クリアは未検証。,User search local-tag false-positive fixed 2026-06-29. iOS collection repository/API foundation exists; collection-name search still needs RootView/UI wiring.,2026-06-29 01:24:30 +0900
US-038,ユーザー,Android/iOS,一覧,複数選択で一括アーカイブ/削除,UrlSaverRoot.kt; MainListViewModel.kt; RootView.swift; URLSaverAppModel.swift; URLRepository.swift; MainListViewModelTest.kt; URLRepositoryTests.swift,ユーザーとして、複数の保存リンクを選択してまとめてアーカイブまたは削除し、Undoで戻せる。,選択モード、個別選択、すべて選択、キャンセル、一括アーカイブ、一括pending delete、Undo通知が動く。選択中は通常ボトムバーを隠す。,Android: MainListViewModelTest batch archive/delete. iOS: URLRepositoryTests multiple archive/pending-delete state transitions. Future physical UI selection.,実データ保護のため物理端末ではテスト用データで選択/Undoまで確認すること。,LOCAL_PASS_WITH_DEVICE_UI_GAP,PASS: ./gradlew testDebugUnitTest --tests jp.mimac.urlsaver.MainListViewModelTest 成功。PASS: xcodebuild test -only-testing:URLSaveriOSTests/URLRepositoryTests 成功、10 tests。,物理端末UI操作は未検証。iOSは保存層の複数件状態遷移を検証済みだが、RootViewの選択バー操作そのものは未検証。,TESTED_LOCAL: Android ViewModel一括archive/pending deleteの成功/失敗混在をテスト追加。iOS URLRepositoryで複数件archive/pending delete状態遷移をテスト追加。,PASS local retest: Android MainListViewModelTest、iOS URLRepositoryTests 成功。物理UI選択/Undo操作は未実施。,未実機操作: 一括選択/Undoは未検証。,NOT VERIFIED on physical iPhone: 一括選択/Undoは未検証。,Batch selection local contract tests added 2026-06-29. UI operation still needs physical-device proof.,2026-06-29 01:16:00 +0900
US-039,ユーザー,Android/iOS/Supabase,プロフィール,確認メール再送/パスワード再設定,SharedTagCloudScreens.kt; SharedTagAuthViewModel.kt; DefaultTagRepository.kt; SharedTagAuthRemoteDataSource.kt; SharedTagCloudSheet.swift; URLSaverAppModel.swift; SharedTagCloud.swift; web/invite-link/auth/reset-password/index.html; web/invite-link/index.html; web/invite-link/vercel.json,ユーザーとして、共有タグクラウドのサインイン/招待参加で確認メールを再送したり、パスワード再設定メールを送信できる。,メール入力後、確認メール再送とパスワード再設定ボタンがSupabase auth endpointを呼び、成功/失敗メッセージを表示する。招待参加画面でも同じ補助導線を使える。 公開reset-passwordページはSupabase recovery code/sessionを受け取り、8文字以上かつ確認一致後にupdateUserで新パスワードを設定する。,Android SharedTagAuthViewModelTest/TagRepositoryTest source; iOS source inspection/generic build; future Supabase auth live mail delivery verification.,本番Supabase auth SMTP/redirect URL設定で実メールが届き、アプリの文言が成功扱いだけで誤解を生まないこと。,LOCAL_SOURCE_PASS_WITH_SUPABASE_MAIL_GAP,PASS: ./gradlew testDebugUnitTest --tests SharedTagAuthViewModelTest 成功。Source inspectionでAndroid/iOS resendEmailConfirmation/sendPasswordRecovery経路確認。 PASS(source): reset-password static pageのexchangeCodeForSession/updateUser/signOut経路を確認。,Supabase本番メール送信/到達、redirect挙動、物理端末操作は未検証。 公開reset-passwordページのlive到達と実メールリンクからの更新は未検証。,修正なし: US-020から独立した補助機能として台帳追加。,未実施: live auth mailが必要。,未実機操作: 確認メール再送/パスワード再設定は未検証。,NOT VERIFIED on physical iPhone: 確認メール再送/パスワード再設定は未検証。,US-020は基本サインイン系。メール補助は外部メール到達が別ゲート。 targeted unit pass 2026-06-29. reset-password public page source-confirmed 2026-06-29.,2026-06-29 00:52:34 +0900
US-040,ユーザー,Android/Store,プライバシー/広告,データ取り扱い表示と広告無効化ガード,UrlSaverRoot.kt; strings.xml; AdsConfig.kt; AdsManager.kt; BannerAdSlot.kt; AdsConfigTest.kt; docs/release/final-submission-checklist.md; ios/URLSaveriOS/PrivacyInfo.xcprivacy; ios/URLSaverShareExtension/PrivacyInfo.xcprivacy,ユーザーとして、保存データの扱いをアプリ内で確認でき、リリース設定では広告SDKが初期化/表示されない状態で使える。,プライバシーダイアログ文言が表示可能で、ADS_ENABLED/ADS_TRIAL_LAUNCH_ADS_ENABLEDが無効ならSDK初期化、バナー、インタースティシャルが走らない。,Android AdsConfigTest; source inspection for privacy dialog; release checklist review; future physical UI privacy dialog確認。,Google Playのデータセーフティ/広告申告、リリースmanifest、アプリ内説明が最終build設定と一致すること。,LOCAL_PASS_WITH_STORE_DECLARATION_GAP,PASS: ./gradlew testDebugUnitTest --tests AdsConfigTest 成功。Source inspectionでprivacy_dialog stringsとUrlSaverRoot AlertDialogを確認。,物理端末でのプライバシーダイアログ表示とPlay Console最終申告一致は未検証。,修正なし: 台帳未記載の既存ユーザー/ストア影響機能として追加。,未実施: store申告最終確認が必要。,未実機操作: プライバシーダイアログ表示は未検証。,,ES-006は公開Web/リンク。これはAndroidアプリ内表示と広告ガード。 targeted unit pass 2026-06-29. iOS privacy manifests included in release source review.,2026-06-29 01:00:20 +0900
TS-001,開発/従業員,Android,未実装基盤,UserLabel DB/Repository基盤のみでUI未接続,UserLabelDao.kt; RoomModels.kt; AppDatabase.kt; DefaultUrlRepositoryCollectionsSupport.kt; UrlRepository.kt; MigrationDedupTest.kt,開発者として、将来のユーザーラベル機能のDB/Repository基盤がある一方、現行アップロード対象アプリではユーザーがラベルを作成/割当/削除するUIが未提供であることを追跡できる。,user_labels table、url_entries.userLabelId、create/delete/assign API、migration testが存在する。Compose/SwiftUIのユーザー操作面には同等ラベルUIがないことを明示する。,Android source inspection; MigrationDedupTest migration_8_9_preservesExistingData_andCreatesUserLabels; rgでUI参照確認。,リリース判断時に「基礎はあるがユーザー機能ではない」と扱い、ストア説明やUI期待に載せないこと。,FOUNDATION_ONLY_NOT_USER_FACING,PASS: ./gradlew testDebugUnitTest --tests MigrationDedupTest.migration_8_9_preservesExistingData_andCreatesUserLabels 成功。DAO/Entity/Repository/APIはsource確認、UI入口は未確認。,機能基礎はあるが現行ユーザーUI未実装。iOS側に同等UserLabelモデルは未確認。,未修正: 仕様化するならAndroid UI追加とiOS parity設計が必要。現状は未実装基盤として記録。,未実施: UI実装後に再テスト。,該当UIなし。,該当UIなし。,ユーザー依頼の「基礎は作ったが実装していないもの」候補として追跡。 targeted unit pass 2026-06-29.,2026-06-29 00:50:01 +0900
AS-009,管理者,Web/Admin/Resend,配信監査,Resend message id手動配送照会,web/admin/app/api/admin/promo-codes/[id]/delivery/route.ts; web/admin/app/page.tsx; web/admin/lib/auth.ts; web/admin/lib/env.ts,管理者として、優待コードに保存されたResend message idからResend APIを照会し、最後の配送イベントや宛先情報を確認できる。,管理者認証が必要。delivery_message_idがない場合は404を返し、Resend API応答からid/message_id/from/to/subject/created_at/last_eventを返す。RESEND_API_KEY未設定やResendエラーは明示する。,Web admin npm typecheck/build; source inspection; future live Resend API call with real delivery_message_id.,本番管理者トークン、service role、RESEND_API_KEY、実delivery_message_idでResendのtruthとDB状態が一致すること。,LOCAL_PASS_WITH_RESEND_LIVE_GAP,PASS: npm run typecheck && npm run build 成功。Next build route一覧に /api/admin/promo-codes/[id]/delivery が含まれることを確認。Source inspectionでResend API照会経路確認。,Resend live API照会、実message id、管理画面ボタン/表示の操作は未検証。,修正なし: AS-006 webhook追跡とは別の手動配送照会機能として台帳追加。,未実施: live Resend APIと管理者セッションが必要。,,,AS-006はwebhook反映、AS-009はResend APIへの手動照会。,2026-06-29 00:53:06 +0900
